,0,1,2,3,4,5,6,7,8,9
0,"['D', 'C', 'D', 'E', 'D', 'C', 'D', 'E', 'F', 'G']","['D', 'E', 'D', 'E', 'D', 'C', 'D', 'E', 'F', 'G']","['D', 'E', 'D', 'E', 'F', 'G']","['D', 'E', 'D', 'C', 'D', 'E', 'D', 'E', 'F', 'G']","['D', 'E', 'F', 'G']","['D', 'C', 'B', 'A']","['D', 'E', 'D', 'C', 'D', 'C', 'B', 'C', 'B', 'A']","['D', 'C', 'D', 'C', 'D', 'E', 'D', 'E', 'D', 'C', 'D', 'C', 'B', 'C', 'B', 'C', 'D', 'C', 'B', 'C', 'B', 'A']","['D', 'E', 'D', 'E', 'D', 'E', 'F', 'G']","['D', 'E', 'D', 'E', 'D', 'E', 'F', 'E', 'D', 'C', 'B', 'C', 'D', 'E', 'F', 'E', 'D', 'C', 'B', 'A']"
1,"['D', 'E', 'F', 'G']","['D', 'C', 'B', 'C', 'D', 'E', 'D', 'E', 'D', 'E', 'F', 'G']","['D', 'E', 'D', 'C', 'D', 'E', 'F', 'G']","['D', 'E', 'D', 'C', 'B', 'A']","['D', 'E', 'F', 'G']","['D', 'C', 'B', 'C', 'B', 'A']","['D', 'C', 'D', 'C', 'D', 'C', 'B', 'C', 'B', 'C', 'B', 'A']","['D', 'C', 'D', 'C', 'B', 'C', 'B', 'A']","['D', 'E', 'D', 'C', 'D', 'E', 'D', 'E', 'D', 'E', 'F', 'G']","['D', 'E', 'D', 'C', 'D', 'E', 'D', 'C', 'B', 'C', 'B', 'A']"
2,"['D', 'E', 'D', 'E', 'D', 'C', 'D', 'C', 'D', 'E', 'D', 'E', 'F', 'G']","['D', 'E', 'F', 'G']","['D', 'E', 'F', 'E', 'D', 'E', 'D', 'E', 'D', 'C', 'B', 'C', 'B', 'A']","['D', 'E', 'D', 'C', 'B', 'A']","['D', 'C', 'D', 'E', 'D', 'C', 'D', 'C', 'B', 'A']","['D', 'E', 'D', 'C', 'B', 'A']","['D', 'C', 'B', 'C', 'B', 'A']","['D', 'E', 'F', 'E', 'F', 'E', 'F', 'G']","['D', 'E', 'D', 'E', 'F', 'E', 'F', 'E', 'D', 'E', 'D', 'C', 'B', 'C', 'D', 'E', 'F', 'G']","['D', 'E', 'F', 'E', 'D', 'C', 'D', 'E', 'F', 'E', 'F', 'G']"
3,"['D', 'C', 'B', 'A']","['D', 'C', 'B', 'C', 'D', 'E', 'F', 'G']","['D', 'E', 'F', 'G']","['D', 'E', 'D', 'C', 'B', 'A']","['D', 'E', 'F', 'G']","['D', 'E', 'F', 'E', 'D', 'E', 'F', 'G']","['D', 'E', 'D', 'C', 'D', 'C', 'B', 'A']","['D', 'C', 'D', 'C', 'D', 'C', 'B', 'C', 'B', 'C', 'D', 'E', 'D', 'E', 'F', 'E', 'F', 'G']","['D', 'E', 'F', 'G']","['D', 'E', 'D', 'C', 'D', 'C', 'B', 'A']"
4,"['D', 'C', 'B', 'A']","['D', 'E', 'D', 'E', 'F', 'G']","['D', 'E', 'D', 'E', 'D', 'E', 'D', 'E', 'F', 'E', 'F', 'E', 'D', 'C', 'D', 'C', 'D', 'C', 'D', 'E', 'F', 'E', 'F', 'G']","['D', 'C', 'D', 'C', 'B', 'C', 'D', 'C', 'B', 'A']","['D', 'E', 'D', 'C', 'B', 'A']","['D', 'C', 'D', 'C', 'D', 'C', 'B', 'C', 'D', 'E', 'D', 'C', 'B', 'C', 'B', 'A']","['D', 'C', 'D', 'C', 'B', 'A']","['D', 'E', 'F', 'E', 'D', 'E', 'D', 'E', 'D', 'E', 'D', 'C', 'B', 'A']","['D', 'C', 'B', 'A']","['D', 'E', 'F', 'G']"
5,"['D', 'C', 'D', 'C', 'B', 'C', 'D', 'E', 'F', 'G']","['D', 'E', 'F', 'G']","['D', 'E', 'D', 'C', 'D', 'C', 'D', 'E', 'F', 'G']","['D', 'C', 'D', 'E', 'D', 'E', 'D', 'E', 'D', 'E', 'D', 'C', 'D', 'E', 'D', 'E', 'F', 'G']","['D', 'E', 'F', 'G']","['D', 'C', 'B', 'A']","['D', 'C', 'B', 'A']","['D', 'E', 'D', 'C', 'D', 'C', 'B', 'A']","['D', 'C', 'B', 'A']","['D', 'C', 'D', 'E', 'D', 'E', 'F', 'E', 'F', 'G']"
6,"['D', 'E', 'F', 'G']","['D', 'E', 'D', 'E', 'D', 'C', 'D', 'C', 'B', 'C', 'D', 'E', 'F', 'G']","['D', 'C', 'D', 'C', 'B', 'A']","['D', 'E', 'F', 'G']","['D', 'E', 'F', 'E', 'D', 'E', 'F', 'G']","['D', 'E', 'F', 'G']","['D', 'E', 'F', 'E', 'D', 'C', 'D', 'C', 'D', 'E', 'D', 'E', 'D', 'E', 'F', 'G']","['D', 'C', 'B', 'C', 'D', 'C', 'B', 'A']","['D', 'C', 'D', 'C', 'D', 'E', 'D', 'E', 'F', 'E', 'F', 'E', 'F', 'E', 'F', 'E', 'F', 'E', 'F', 'E', 'D', 'E', 'F', 'G']","['D', 'E', 'F', 'E', 'F', 'G']"
7,"['D', 'E', 'F', 'G']","['D', 'E', 'F', 'G']","['D', 'E', 'D', 'E', 'F', 'E', 'D', 'C', 'D', 'C', 'D', 'C', 'B', 'C', 'D', 'E', 'F', 'E', 'D', 'C', 'D', 'C', 'B', 'A']","['D', 'E', 'D', 'E', 'F', 'E', 'F', 'E', 'F', 'G']","['D', 'C', 'B', 'C', 'D', 'E', 'F', 'E', 'F', 'G']","['D', 'C', 'B', 'A']","['D', 'E', 'F', 'E', 'F', 'E', 'D', 'E', 'F', 'G']","['D', 'C', 'D', 'C', 'D', 'C', 'B', 'A']","['D', 'C', 'D', 'C', 'D', 'E', 'D', 'C', 'D', 'E', 'F', 'E', 'D', 'C', 'D', 'C', 'B', 'C', 'B', 'C', 'B', 'C', 'B', 'A']","['D', 'C', 'D', 'C', 'B', 'C', 'B', 'A']"
8,"['D', 'E', 'F', 'E', 'D', 'E', 'D', 'C', 'D', 'C', 'D', 'C', 'B', 'C', 'D', 'E', 'D', 'C', 'D', 'E', 'D', 'C', 'B', 'C', 'D', 'C', 'D', 'E', 'F', 'E', 'F', 'E', 'D', 'E', 'D', 'C', 'D', 'E', 'F', 'G']","['D', 'C', 'D', 'E', 'F', 'G']","['D', 'C', 'D', 'C', 'B', 'C', 'D', 'E', 'F', 'E', 'F', 'E', 'F', 'G']","['D', 'C', 'D', 'C', 'D', 'E', 'F', 'E', 'D', 'E', 'F', 'G']","['D', 'C', 'D', 'C', 'B', 'C', 'B', 'C', 'B', 'C', 'D', 'E', 'F', 'E', 'D', 'C', 'B', 'A']","['D', 'C', 'B', 'C', 'B', 'A']","['D', 'C', 'B', 'C', 'B', 'C', 'D', 'C', 'B', 'A']","['D', 'E', 'D', 'C', 'B', 'C', 'D', 'C', 'B', 'A']","['D', 'E', 'D', 'E', 'F', 'E', 'D', 'C', 'B', 'C', 'D', 'E', 'F', 'E', 'D', 'E', 'F', 'E', 'F', 'G']","['D', 'E', 'F', 'G']"
9,"['D', 'E', 'F', 'G']","['D', 'E', 'F', 'E', 'F', 'E', 'D', 'C', 'B', 'A']","['D', 'E', 'F', 'E', 'F', 'G']","['D', 'E', 'F', 'E', 'D', 'C', 'B', 'C', 'D', 'E', 'D', 'C', 'B', 'A']","['D', 'E', 'F', 'G']","['D', 'E', 'D', 'E', 'F', 'G']","['D', 'E', 'F', 'E', 'D', 'E', 'F', 'E', 'F', 'E', 'F', 'E', 'F', 'G']","['D', 'E', 'D', 'E', 'D', 'E', 'D', 'E', 'D', 'E', 'D', 'E', 'D', 'E', 'D', 'C', 'B', 'A']","['D', 'C', 'B', 'A']","['D', 'C', 'B', 'A']"
10,"['D', 'E', 'F', 'G']","['D', 'C', 'B', 'A']","['D', 'C', 'B', 'C', 'D', 'E', 'D', 'C', 'B', 'A']","['D', 'C', 'D', 'E', 'D', 'E', 'D', 'E', 'F', 'G']","['D', 'E', 'F', 'G']","['D', 'C', 'D', 'C', 'B', 'C', 'D', 'E', 'F', 'E', 'D', 'C', 'B', 'A']","['D', 'C', 'D', 'C', 'B', 'C', 'D', 'E', 'F', 'G']","['D', 'E', 'D', 'E', 'D', 'E', 'D', 'E', 'D', 'E', 'D', 'C', 'B', 'A']","['D', 'E', 'F', 'G']","['D', 'E', 'D', 'E', 'F', 'E', 'D', 'E', 'F', 'E', 'D', 'E', 'D', 'C', 'B', 'C', 'B', 'C', 'D', 'E', 'F', 'G']"
11,"['D', 'E', 'D', 'E', 'D', 'C', 'B', 'C', 'B', 'A']","['D', 'C', 'B', 'C', 'D', 'C', 'D', 'E', 'F', 'G']","['D', 'C', 'D', 'C', 'B', 'C', 'D', 'C', 'D', 'C', 'D', 'C', 'D', 'C', 'D', 'C', 'B', 'A']","['D', 'C', 'D', 'C', 'D', 'C', 'D', 'E', 'F', 'E', 'D', 'E', 'F', 'E', 'D', 'E', 'F', 'E', 'D', 'C', 'D', 'C', 'D', 'C', 'B', 'A']","['D', 'C', 'D', 'C', 'D', 'E', 'D', 'C', 'D', 'C', 'D', 'C', 'B', 'C', 'D', 'E', 'F', 'E', 'D', 'C', 'D', 'C', 'D', 'C', 'B', 'A']","['D', 'C', 'B', 'C', 'B', 'C', 'D', 'E', 'D', 'E', 'D', 'C', 'B', 'A']","['D', 'E', 'D', 'C', 'D', 'E', 'F', 'E', 'F', 'G']","['D', 'E', 'F', 'G']","['D', 'C', 'B', 'C', 'B', 'C', 'B', 'A']","['D', 'C', 'B', 'A']"
12,"['D', 'C', 'B', 'C', 'B', 'C', 'D', 'C', 'D', 'E', 'F', 'E', 'D', 'C', 'B', 'A']","['D', 'E', 'F', 'G']","['D', 'C', 'D', 'E', 'F', 'G']","['D', 'C', 'B', 'C', 'D', 'E', 'D', 'C', 'D', 'C', 'D', 'E', 'F', 'E', 'D', 'C', 'B', 'A']","['D', 'E', 'F', 'E', 'D', 'E', 'F', 'E', 'D', 'C', 'B', 'A']","['D', 'C', 'D', 'E', 'F', 'G']","['D', 'E', 'F', 'G']","['D', 'C', 'D', 'E', 'F', 'E', 'F', 'E', 'F', 'G']","['D', 'C', 'D', 'C', 'D', 'E', 'D', 'E', 'D', 'C', 'B', 'A']","['D', 'C', 'D', 'C', 'D', 'C', 'B', 'C', 'D', 'C', 'D', 'C', 'D', 'C', 'D', 'C', 'B', 'A']"
13,"['D', 'E', 'D', 'E', 'F', 'E', 'F', 'E', 'F', 'G']","['D', 'E', 'F', 'E', 'F', 'E', 'D', 'C', 'B', 'C', 'B', 'C', 'D', 'C', 'D', 'E', 'F', 'G']","['D', 'C', 'B', 'A']","['D', 'E', 'D', 'E', 'D', 'C', 'B', 'A']","['D', 'E', 'F', 'E', 'D', 'C', 'D', 'E', 'D', 'C', 'B', 'A']","['D', 'C', 'B', 'A']","['D', 'E', 'F', 'G']","['D', 'E', 'D', 'C', 'D', 'E', 'F', 'E', 'D', 'E', 'F', 'E', 'D', 'C', 'B', 'A']","['D', 'E', 'F', 'E', 'F', 'G']","['D', 'E', 'F', 'E', 'D', 'E', 'D', 'E', 'D', 'C', 'D', 'E', 'D', 'C', 'B', 'A']"
14,"['D', 'E', 'F', 'E', 'F', 'G']","['D', 'C', 'D', 'E', 'F', 'E', 'D', 'C', 'D', 'C', 'D', 'C', 'B', 'C', 'B', 'A']","['D', 'E', 'D', 'C', 'D', 'E', 'D', 'E', 'D', 'E', 'F', 'G']","['D', 'C', 'B', 'C', 'D', 'C', 'D', 'C', 'B', 'A']","['D', 'E', 'D', 'C', 'B', 'C', 'D', 'E', 'F', 'G']","['D', 'E', 'D', 'E', 'D', 'E', 'D', 'E', 'D', 'C', 'B', 'A']","['D', 'C', 'B', 'C', 'B', 'A']","['D', 'E', 'D', 'C', 'D', 'E', 'F', 'E', 'D', 'E', 'F', 'E', 'F', 'G']","['D', 'E', 'D', 'C', 'D', 'E', 'D', 'C', 'B', 'C', 'B', 'C', 'B', 'A']","['D', 'C', 'B', 'C', 'D', 'C', 'B', 'C', 'B', 'A']"
15,"['D', 'E', 'D', 'C', 'D', 'C', 'B', 'C', 'D', 'C', 'D', 'E', 'F', 'E', 'F', 'G']","['D', 'C', 'D', 'E', 'F', 'G']","['D', 'E', 'D', 'C', 'B', 'C', 'B', 'C', 'B', 'A']","['D', 'C', 'D', 'C', 'B', 'C', 'D', 'E', 'D', 'C', 'D', 'C', 'D', 'E', 'D', 'E', 'F', 'G']","['D', 'E', 'F', 'G']","['D', 'E', 'F', 'E', 'F', 'G']","['D', 'C', 'D', 'C', 'B', 'A']","['D', 'E', 'F', 'E', 'D', 'E', 'D', 'C', 'D', 'C', 'B', 'A']","['D', 'C', 'D', 'C', 'D', 'E', 'D', 'C', 'B', 'A']","['D', 'C', 'D', 'C', 'D', 'C', 'D', 'C', 'D', 'E', 'F', 'G']"
16,"['D', 'E', 'D', 'C', 'B', 'C', 'D', 'E', 'D', 'C', 'D', 'C', 'D', 'C', 'D', 'C', 'D', 'C', 'B', 'C', 'D', 'E', 'F', 'G']","['D', 'E', 'F', 'G']","['D', 'E', 'F', 'E', 'F', 'G']","['D', 'E', 'D', 'E', 'F', 'G']","['D', 'C', 'D', 'E', 'D', 'C', 'D', 'C', 'B', 'C', 'D', 'E', 'D', 'C', 'B', 'A']","['D', 'E', 'F', 'E', 'D', 'C', 'B', 'C', 'D', 'E', 'F', 'G']","['D', 'E', 'F', 'G']","['D', 'C', 'D', 'C', 'D', 'C', 'B', 'A']","['D', 'C', 'B', 'C', 'B', 'C', 'D', 'C', 'D', 'E', 'F', 'E', 'F', 'G']","['D', 'C', 'B', 'C', 'B', 'A']"
17,"['D', 'C', 'D', 'C', 'B', 'C', 'B', 'C', 'D', 'C', 'B', 'C', 'B', 'A']","['D', 'E', 'D', 'C', 'B', 'A']","['D', 'E', 'F', 'G']","['D', 'E', 'F', 'E', 'D', 'E', 'D', 'E', 'F', 'G']","['D', 'E', 'F', 'E', 'D', 'E', 'F', 'E', 'D', 'E', 'D', 'E', 'D', 'E', 'D', 'E', 'F', 'E', 'F', 'E', 'F', 'E', 'D', 'C', 'B', 'A']","['D', 'C', 'D', 'E', 'F', 'E', 'D', 'E', 'F', 'G']","['D', 'E', 'D', 'E', 'F', 'G']","['D', 'E', 'D', 'E', 'F', 'E', 'F', 'G']","['D', 'C', 'B', 'C', 'D', 'E', 'F', 'G']","['D', 'C', 'B', 'A']"
18,"['D', 'E', 'F', 'E', 'F', 'G']","['D', 'C', 'B', 'A']","['D', 'C', 'D', 'C', 'B', 'A']","['D', 'E', 'D', 'E', 'F', 'E', 'D', 'E', 'D', 'C', 'B', 'C', 'D', 'C', 'D', 'E', 'F', 'E', 'D', 'E', 'F', 'G']","['D', 'C', 'D', 'E', 'F', 'E', 'D', 'C', 'B', 'C', 'D', 'C', 'B', 'A']","['D', 'C', 'B', 'A']","['D', 'C', 'D', 'E', 'D', 'C', 'D', 'E', 'D', 'E', 'F', 'G']","['D', 'E', 'F', 'E', 'D', 'C', 'B', 'A']","['D', 'C', 'B', 'A']","['D', 'E', 'D', 'C', 'D', 'E', 'F', 'G']"
19,"['D', 'C', 'D', 'E', 'F', 'G']","['D', 'E', 'F', 'E', 'F', 'G']","['D', 'C', 'D', 'C', 'D', 'C', 'B', 'A']","['D', 'C', 'B', 'A']","['D', 'E', 'F', 'E', 'D', 'E', 'F', 'E', 'F', 'G']","['D', 'E', 'F', 'G']","['D', 'C', 'D', 'C', 'B', 'C', 'D', 'E', 'F', 'G']","['D', 'E', 'D', 'C', 'B', 'A']","['D', 'E', 'D', 'C', 'B', 'C', 'D', 'E', 'F', 'E', 'D', 'C', 'D', 'C', 'B', 'C', 'D', 'E', 'F', 'G']","['D', 'E', 'D', 'E', 'F', 'G']"
20,"['D', 'E', 'D', 'E', 'D', 'C', 'B', 'A']","['D', 'C', 'D', 'E', 'D', 'C', 'B', 'C', 'B', 'C', 'B', 'A']","['D', 'E', 'D', 'C', 'B', 'C', 'D', 'E', 'F', 'E', 'F', 'E', 'D', 'E', 'F', 'G']","['D', 'C', 'B', 'A']","['D', 'E', 'F', 'G']","['D', 'E', 'D', 'E', 'F', 'G']","['D', 'E', 'D', 'E', 'F', 'G']","['D', 'C', 'B', 'C', 'D', 'C', 'D', 'E', 'F', 'G']","['D', 'C', 'D', 'E', 'F', 'E', 'D', 'C', 'B', 'C', 'B', 'C', 'B', 'C', 'B', 'C', 'D', 'C', 'B', 'A']","['D', 'C', 'D', 'C', 'D', 'E', 'D', 'C', 'D', 'C', 'D', 'C', 'B', 'A']"
21,"['D', 'C', 'D', 'C', 'D', 'C', 'B', 'A']","['D', 'E', 'D', 'C', 'D', 'C', 'D', 'E', 'F', 'E', 'F', 'G']","['D', 'E', 'D', 'E', 'F', 'G']","['D', 'C', 'D', 'C', 'B', 'C', 'B', 'A']","['D', 'E', 'D', 'E', 'F', 'E', 'D', 'E', 'D', 'C', 'D', 'C', 'B', 'C', 'B', 'A']","['D', 'C', 'D', 'E', 'F', 'E', 'D', 'C', 'B', 'C', 'B', 'C', 'B', 'C', 'B', 'C', 'B', 'A']","['D', 'C', 'B', 'C', 'D', 'E', 'D', 'C', 'D', 'E', 'F', 'E', 'D', 'E', 'F', 'E', 'F', 'E', 'D', 'E', 'F', 'G']","['D', 'E', 'D', 'E', 'D', 'C', 'B', 'C', 'B', 'A']","['D', 'C', 'D', 'E', 'F', 'E', 'F', 'E', 'D', 'C', 'B', 'A']","['D', 'C', 'D', 'E', 'F', 'G']"
22,"['D', 'C', 'D', 'C', 'D', 'C', 'D', 'C', 'B', 'C', 'B', 'A']","['D', 'C', 'D', 'E', 'D', 'E', 'F', 'G']","['D', 'E', 'F', 'G']","['D', 'C', 'B', 'C', 'B', 'A']","['D', 'C', 'B', 'C', 'B', 'C', 'D', 'C', 'B', 'A']","['D', 'C', 'B', 'C', 'D', 'C', 'D', 'C', 'B', 'C', 'B', 'A']","['D', 'C', 'D', 'E', 'D', 'E', 'F', 'G']","['D', 'E', 'D', 'E', 'D', 'E', 'F', 'G']","['D', 'E', 'F', 'G']","['D', 'E', 'F', 'E', 'D', 'E', 'D', 'C', 'B', 'A']"
23,"['D', 'C', 'D', 'E', 'F', 'E', 'D', 'E', 'D', 'C', 'D', 'C', 'B', 'C', 'D', 'C', 'B', 'C', 'B', 'A']","['D', 'C', 'B', 'A']","['D', 'C', 'D', 'E', 'D', 'E', 'D', 'E', 'D', 'C', 'B', 'A']","['D', 'E', 'F', 'E', 'D', 'E', 'F', 'G']","['D', 'C', 'B', 'A']","['D', 'C', 'B', 'A']","['D', 'E', 'D', 'C', 'B', 'A']","['D', 'C', 'D', 'E', 'F', 'G']","['D', 'C', 'B', 'A']","['D', 'E', 'F', 'G']"
24,"['D', 'E', 'F', 'G']","['D', 'C', 'B', 'A']","['D', 'C', 'B', 'A']","['D', 'E', 'F', 'G']","['D', 'C', 'D', 'E', 'F', 'G']","['D', 'E', 'D', 'C', 'B', 'C', 'D', 'C', 'D', 'C', 'D', 'C', 'B', 'A']","['D', 'C', 'D', 'E', 'F', 'E', 'D', 'E', 'D', 'E', 'D', 'E', 'F', 'G']","['D', 'C', 'B', 'A']","['D', 'E', 'D', 'E', 'D', 'E', 'D', 'C', 'D', 'C', 'D', 'E', 'D', 'E', 'D', 'E', 'F', 'G']","['D', 'E', 'D', 'E', 'D', 'E', 'D', 'C', 'D', 'E', 'D', 'E', 'F', 'G']"
25,"['D', 'C', 'B', 'C', 'D', 'C', 'D', 'E', 'D', 'E', 'D', 'C', 'B', 'A']","['D', 'E', 'F', 'E', 'F', 'G']","['D', 'C', 'D', 'C', 'D', 'C', 'D', 'E', 'D', 'E', 'D', 'C', 'D', 'C', 'D', 'C', 'B', 'A']","['D', 'E', 'D', 'C', 'B', 'C', 'B', 'C', 'D', 'E', 'F', 'G']","['D', 'E', 'D', 'C', 'B', 'A']","['D', 'C', 'D', 'E', 'F', 'E', 'D', 'C', 'D', 'E', 'D', 'E', 'D', 'E', 'F', 'G']","['D', 'C', 'D', 'E', 'D', 'C', 'B', 'C', 'B', 'A']","['D', 'C', 'D', 'E', 'D', 'E', 'F', 'G']","['D', 'E', 'D', 'C', 'D', 'C', 'D', 'E', 'D', 'C', 'D', 'C', 'B', 'A']","['D', 'C', 'B', 'C', 'D', 'E', 'D', 'C', 'D', 'E', 'F', 'E', 'D', 'E', 'F', 'E', 'D', 'C', 'D', 'C', 'D', 'E', 'F', 'G']"
26,"['D', 'E', 'D', 'C', 'B', 'C', 'D', 'E', 'F', 'E', 'F', 'G']","['D', 'E', 'F', 'G']","['D', 'E', 'F', 'G']","['D', 'C', 'D', 'C', 'B', 'C', 'D', 'C', 'B', 'C', 'D', 'C', 'B', 'C', 'B', 'A']","['D', 'C', 'D', 'E', 'F', 'G']","['D', 'C', 'B', 'A']","['D', 'C', 'B', 'A']","['D', 'E', 'D', 'C', 'B', 'A']","['D', 'E', 'F', 'E', 'F', 'G']","['D', 'C', 'B', 'C', 'D', 'C', 'D', 'C', 'B', 'A']"
27,"['D', 'E', 'F', 'E', 'D', 'E', 'D', 'C', 'B', 'A']","['D', 'E', 'F', 'E', 'D', 'E', 'F', 'E', 'F', 'E', 'D', 'E', 'F', 'G']","['D', 'E', 'F', 'E', 'F', 'E', 'D', 'E', 'F', 'G']","['D', 'E', 'D', 'E', 'D', 'C', 'D', 'C', 'D', 'C', 'D', 'E', 'D', 'C', 'D', 'E', 'F', 'G']","['D', 'E', 'D', 'E', 'F', 'E', 'F', 'E', 'F', 'G']","['D', 'C', 'D', 'E', 'F', 'G']","['D', 'E', 'D', 'E', 'D', 'C', 'B', 'A']","['D', 'C', 'B', 'A']","['D', 'C', 'B', 'C', 'B', 'A']","['D', 'C', 'D', 'C', 'B', 'C', 'B', 'A']"
28,"['D', 'E', 'D', 'E', 'F', 'E', 'D', 'C', 'B', 'C', 'B', 'A']","['D', 'C', 'D', 'C', 'D', 'C', 'D', 'C', 'B', 'A']","['D', 'C', 'D', 'C', 'B', 'A']","['D', 'C', 'D', 'C', 'D', 'E', 'D', 'C', 'D', 'E', 'D', 'E', 'F', 'E', 'F', 'G']","['D', 'C', 'B', 'C', 'D', 'C', 'B', 'C', 'B', 'A']","['D', 'E', 'D', 'E', 'D', 'C', 'D', 'C', 'D', 'E', 'F', 'G']","['D', 'E', 'F', 'G']","['D', 'E', 'D', 'E', 'D', 'E', 'F', 'G']","['D', 'C', 'D', 'E', 'F', 'G']","['D', 'E', 'F', 'E', 'F', 'E', 'F', 'E', 'D', 'C', 'D', 'E', 'F', 'G']"
29,"['D', 'C', 'B', 'A']","['D', 'C', 'B', 'A']","['D', 'C', 'D', 'C', 'B', 'C', 'B', 'C', 'D', 'C', 'B', 'A']","['D', 'E', 'D', 'E', 'F', 'G']","['D', 'E', 'F', 'G']","['D', 'C', 'B', 'A']","['D', 'E', 'D', 'E', 'F', 'G']","['D', 'C', 'B', 'A']","['D', 'E', 'D', 'E', 'D', 'E', 'D', 'E', 'F', 'E', 'F', 'G']","['D', 'C', 'D', 'C', 'D', 'E', 'D', 'C', 'D', 'C', 'D', 'C', 'D', 'C', 'D', 'E', 'F', 'G']"
30,"['D', 'C', 'B', 'A']","['D', 'C', 'D', 'C', 'D', 'C', 'D', 'E', 'D', 'C', 'B', 'C', 'B', 'A']","['D', 'E', 'D', 'E', 'D', 'E', 'D', 'E', 'D', 'E', 'F', 'E', 'F', 'G']","['D', 'C', 'D', 'E', 'D', 'C', 'D', 'C', 'B', 'C', 'D', 'C', 'B', 'A']","['D', 'C', 'B', 'C', 'D', 'C', 'D', 'E', 'F', 'G']","['D', 'E', 'F', 'G']","['D', 'C', 'D', 'C', 'B', 'A']","['D', 'E', 'D', 'C', 'B', 'A']","['D', 'C', 'B', 'C', 'B', 'C', 'D', 'E', 'D', 'E', 'F', 'G']","['D', 'E', 'F', 'G']"
31,"['D', 'E', 'D', 'C', 'B', 'C', 'B', 'C', 'B', 'C', 'B', 'A']","['D', 'E', 'F', 'G']","['D', 'E', 'F', 'E', 'D', 'C', 'D', 'C', 'D', 'C', 'D', 'E', 'D', 'C', 'B', 'A']","['D', 'E', 'F', 'E', 'F', 'G']","['D', 'E', 'D', 'E', 'F', 'E', 'D', 'E', 'F', 'G']","['D', 'E', 'F', 'G']","['D', 'E', 'D', 'E', 'F', 'G']","['D', 'C', 'B', 'C', 'D', 'E', 'D', 'C', 'D', 'E', 'F', 'G']","['D', 'C', 'B', 'A']","['D', 'C', 'B', 'C', 'B', 'C', 'D', 'C', 'D', 'C', 'D', 'E', 'F', 'G']"
32,"['D', 'C', 'B', 'A']","['D', 'C', 'B', 'C', 'B', 'A']","['D', 'C', 'D', 'C', 'B', 'C', 'D', 'E', 'F', 'E', 'F', 'G']","['D', 'E', 'F', 'E', 'F', 'G']","['D', 'C', 'D', 'E', 'F', 'E', 'D', 'E', 'F', 'E', 'D', 'C', 'B', 'C', 'B', 'C', 'B', 'A']","['D', 'C', 'D', 'E', 'F', 'G']","['D', 'E', 'D', 'E', 'D', 'E', 'D', 'C', 'D', 'C', 'B', 'A']","['D', 'C', 'D', 'E', 'F', 'G']","['D', 'C', 'D', 'C', 'D', 'C', 'D', 'E', 'D', 'E', 'D', 'E', 'D', 'C', 'D', 'C', 'D', 'C', 'B', 'C', 'B', 'C', 'D', 'E', 'D', 'E', 'F', 'E', 'D', 'C', 'D', 'E', 'D', 'E', 'F', 'G']","['D', 'E', 'F', 'G']"
33,"['D', 'E', 'D', 'C', 'D', 'E', 'D', 'C', 'D', 'E', 'F', 'G']","['D', 'E', 'F', 'G']","['D', 'E', 'D', 'E', 'F', 'G']","['D', 'C', 'D', 'E', 'F', 'G']","['D', 'C', 'B', 'A']","['D', 'C', 'B', 'A']","['D', 'E', 'D', 'E', 'F', 'E', 'F', 'G']","['D', 'C', 'B', 'C', 'D', 'E', 'F', 'G']","['D', 'C', 'B', 'A']","['D', 'C', 'B', 'C', 'B', 'C', 'D', 'C', 'B', 'A']"
34,"['D', 'C', 'B', 'A']","['D', 'E', 'F', 'E', 'D', 'C', 'B', 'A']","['D', 'C', 'B', 'A']","['D', 'E', 'D', 'C', 'B', 'A']","['D', 'C', 'D', 'C', 'B', 'A']","['D', 'E', 'F', 'G']","['D', 'E', 'F', 'G']","['D', 'E', 'F', 'E', 'D', 'C', 'D', 'E', 'D', 'E', 'F', 'E', 'D', 'E', 'D', 'E', 'F', 'G']","['D', 'C', 'B', 'A']","['D', 'C', 'D', 'E', 'D', 'E', 'F', 'G']"
35,"['D', 'C', 'B', 'A']","['D', 'E', 'D', 'E', 'D', 'E', 'D', 'C', 'D', 'C', 'B', 'A']","['D', 'C', 'B', 'A']","['D', 'C', 'B', 'C', 'D', 'C', 'D', 'C', 'B', 'C', 'B', 'C', 'D', 'C', 'D', 'E', 'F', 'G']","['D', 'E', 'F', 'G']","['D', 'E', 'D', 'C', 'B', 'A']","['D', 'C', 'D', 'C', 'D', 'C', 'B', 'A']","['D', 'C', 'B', 'C', 'B', 'A']","['D', 'C', 'B', 'A']","['D', 'C', 'B', 'C', 'B', 'C', 'D', 'C', 'B', 'A']"
36,"['D', 'E', 'D', 'E', 'D', 'C', 'B', 'A']","['D', 'C', 'D', 'C', 'D', 'C', 'B', 'A']","['D', 'C', 'D', 'C', 'B', 'A']","['D', 'C', 'B', 'C', 'B', 'A']","['D', 'C', 'D', 'C', 'B', 'A']","['D', 'C', 'B', 'C', 'D', 'E', 'F', 'E', 'D', 'C', 'B', 'C', 'B', 'C', 'B', 'C', 'B', 'C', 'B', 'C', 'B', 'A']","['D', 'C', 'D', 'E', 'F', 'G']","['D', 'C', 'D', 'E', 'D', 'E', 'F', 'G']","['D', 'E', 'D', 'C', 'D', 'C', 'B', 'C', 'B', 'C', 'D', 'E', 'F', 'G']","['D', 'C', 'B', 'A']"
37,"['D', 'E', 'F', 'G']","['D', 'E', 'D', 'C', 'D', 'E', 'F', 'G']","['D', 'E', 'D', 'C', 'D', 'E', 'F', 'G']","['D', 'C', 'D', 'E', 'F', 'G']","['D', 'E', 'D', 'E', 'F', 'G']","['D', 'E', 'D', 'E', 'D', 'C', 'B', 'A']","['D', 'C', 'D', 'C', 'D', 'E', 'D', 'E', 'F', 'E', 'D', 'C', 'D', 'E', 'F', 'E', 'F', 'E', 'F', 'G']","['D', 'E', 'D', 'E', 'D', 'C', 'B', 'A']","['D', 'C', 'B', 'C', 'D', 'E', 'F', 'G']","['D', 'E', 'F', 'G']"
38,"['D', 'C', 'D', 'E', 'F', 'G']","['D', 'C', 'B', 'C', 'D', 'E', 'D', 'C', 'D', 'E', 'D', 'C', 'B', 'C', 'D', 'E', 'D', 'E', 'D', 'E', 'F', 'E', 'F', 'G']","['D', 'E', 'F', 'E', 'F', 'G']","['D', 'E', 'D', 'C', 'D', 'C', 'D', 'E', 'D', 'C', 'B', 'C', 'D', 'C', 'B', 'C', 'B', 'A']","['D', 'E', 'F', 'E', 'D', 'E', 'D', 'C', 'D', 'C', 'D', 'E', 'F', 'G']","['D', 'C', 'D', 'C', 'B', 'C', 'D', 'C', 'D', 'E', 'D', 'C', 'B', 'A']","['D', 'E', 'D', 'C', 'B', 'A']","['D', 'E', 'F', 'E', 'F', 'E', 'D', 'E', 'D', 'C', 'D', 'E', 'F', 'G']","['D', 'C', 'B', 'A']","['D', 'E', 'F', 'E', 'D', 'E', 'D', 'C', 'D', 'C', 'D', 'C', 'D', 'E', 'F', 'E', 'D', 'C', 'B', 'A']"
39,"['D', 'C', 'D', 'E', 'D', 'E', 'D', 'E', 'D', 'E', 'F', 'G']","['D', 'E', 'F', 'E', 'D', 'E', 'D', 'C', 'D', 'E', 'D', 'E', 'D', 'C', 'D', 'C', 'D', 'C', 'D', 'C', 'B', 'A']","['D', 'E', 'D', 'E', 'F', 'E', 'D', 'E', 'F', 'E', 'F', 'G']","['D', 'C', 'B', 'A']","['D', 'E', 'D', 'C', 'D', 'C', 'B', 'A']","['D', 'C', 'D', 'C', 'D', 'C', 'B', 'C', 'B', 'C', 'D', 'E', 'D', 'C', 'D', 'E', 'F', 'G']","['D', 'E', 'F', 'E', 'F', 'G']","['D', 'C', 'D', 'C', 'B', 'A']","['D', 'C', 'D', 'E', 'F', 'E', 'D', 'C', 'D', 'E', 'D', 'E', 'F', 'E', 'D', 'C', 'B', 'A']","['D', 'E', 'F', 'E', 'D', 'E', 'D', 'C', 'B', 'C', 'D', 'E', 'F', 'E', 'F', 'G']"
40,"['D', 'E', 'F', 'G']","['D', 'E', 'F', 'G']","['D', 'E', 'F', 'G']","['D', 'C', 'D', 'E', 'D', 'E', 'D', 'C', 'D', 'E', 'F', 'G']","['D', 'C', 'B', 'C', 'B', 'A']","['D', 'C', 'B', 'C', 'B', 'C', 'D', 'E', 'D', 'C', 'B', 'A']","['D', 'C', 'B', 'A']","['D', 'C', 'B', 'A']","['D', 'C', 'D', 'E', 'F', 'E', 'F', 'G']","['D', 'C', 'D', 'C', 'B', 'C', 'B', 'C', 'D', 'E', 'D', 'E', 'D', 'E', 'F', 'E', 'F', 'E', 'D', 'C', 'D', 'C', 'D', 'C', 'B', 'C', 'D', 'C', 'D', 'E', 'F', 'G']"
41,"['D', 'E', 'D', 'C', 'D', 'C', 'D', 'C', 'B', 'C', 'D', 'E', 'F', 'E', 'F', 'G']","['D', 'C', 'D', 'E', 'F', 'G']","['D', 'C', 'B', 'A']","['D', 'C', 'B', 'A']","['D', 'C', 'B', 'A']","['D', 'E', 'D', 'C', 'D', 'E', 'D', 'E', 'D', 'E', 'F', 'E', 'F', 'G']","['D', 'C', 'D', 'E', 'D', 'E', 'F', 'E', 'F', 'G']","['D', 'E', 'F', 'G']","['D', 'E', 'F', 'G']","['D', 'C', 'D', 'C', 'D', 'C', 'D', 'C', 'D', 'C', 'B', 'A']"
42,"['D', 'E', 'F', 'E', 'F', 'E', 'F', 'G']","['D', 'C', 'B', 'A']","['D', 'E', 'D', 'C', 'B', 'C', 'B', 'A']","['D', 'E', 'D', 'E', 'D', 'E', 'D', 'C', 'B', 'A']","['D', 'C', 'D', 'C', 'B', 'A']","['D', 'E', 'D', 'C', 'B', 'A']","['D', 'E', 'F', 'G']","['D', 'E', 'D', 'C', 'B', 'C', 'D', 'C', 'D', 'C', 'D', 'C', 'B', 'C', 'B', 'A']","['D', 'C', 'D', 'C', 'D', 'E', 'D', 'C', 'D', 'C', 'D', 'C', 'B', 'C', 'D', 'E', 'D', 'C', 'B', 'A']","['D', 'C', 'B', 'A']"
43,"['D', 'C', 'D', 'E', 'D', 'C', 'B', 'C', 'B', 'C', 'B', 'C', 'D', 'C', 'D', 'E', 'D', 'E', 'F', 'G']","['D', 'E', 'D', 'C', 'B', 'A']","['D', 'E', 'D', 'E', 'D', 'C', 'D', 'C', 'D', 'E', 'D', 'C', 'D', 'C', 'D', 'C', 'D', 'E', 'D', 'E', 'D', 'E', 'F', 'G']","['D', 'E', 'D', 'E', 'D', 'E', 'F', 'E', 'F', 'G']","['D', 'C', 'D', 'C', 'D', 'E', 'D', 'E', 'D', 'E', 'F', 'G']","['D', 'E', 'F', 'G']","['D', 'C', 'B', 'A']","['D', 'E', 'D', 'E', 'D', 'E', 'D', 'E', 'D', 'E', 'D', 'C', 'B', 'A']","['D', 'E', 'D', 'C', 'D', 'E', 'F', 'G']","['D', 'C', 'D', 'E', 'F', 'G']"
44,"['D', 'E', 'F', 'G']","['D', 'E', 'D', 'C', 'D', 'C', 'D', 'C', 'D', 'C', 'B', 'A']","['D', 'C', 'B', 'C', 'D', 'E', 'F', 'E', 'F', 'E', 'D', 'E', 'F', 'E', 'F', 'G']","['D', 'C', 'D', 'C', 'D', 'E', 'D', 'E', 'F', 'G']","['D', 'C', 'B', 'C', 'B', 'C', 'D', 'E', 'D', 'E', 'D', 'E', 'D', 'C', 'B', 'A']","['D', 'C', 'D', 'E', 'D', 'C', 'D', 'E', 'F', 'G']","['D', 'E', 'F', 'E', 'F', 'G']","['D', 'C', 'B', 'A']","['D', 'E', 'D', 'E', 'D', 'C', 'B', 'C', 'B', 'C', 'D', 'C', 'D', 'E', 'F', 'E', 'D', 'C', 'D', 'E', 'F', 'G']","['D', 'E', 'F', 'E', 'F', 'E', 'F', 'E', 'F', 'E', 'F', 'G']"
45,"['D', 'E', 'D', 'C', 'D', 'C', 'D', 'C', 'B', 'C', 'B', 'A']","['D', 'E', 'D', 'C', 'B', 'C', 'D', 'E', 'F', 'G']","['D', 'E', 'D', 'E', 'F', 'E', 'D', 'C', 'B', 'C', 'B', 'C', 'B', 'A']","['D', 'E', 'F', 'E', 'F', 'E', 'F', 'E', 'D', 'C', 'D', 'E', 'D', 'E', 'F', 'G']","['D', 'E', 'F', 'G']","['D', 'C', 'D', 'E', 'D', 'C', 'D', 'E', 'F', 'G']","['D', 'C', 'D', 'C', 'D', 'E', 'D', 'E', 'F', 'G']","['D', 'E', 'D', 'E', 'F', 'G']","['D', 'C', 'B', 'A']","['D', 'E', 'D', 'E', 'F', 'G']"
46,"['D', 'E', 'F', 'G']","['D', 'C', 'B', 'A']","['D', 'E', 'D', 'C', 'D', 'E', 'F', 'E', 'F', 'E', 'D', 'C', 'D', 'E', 'F', 'G']","['D', 'C', 'B', 'A']","['D', 'E', 'F', 'E', 'D', 'E', 'F', 'E', 'D', 'E', 'D', 'C', 'D', 'E', 'D', 'C', 'B', 'C', 'D', 'C', 'D', 'E', 'D', 'E', 'D', 'C', 'D', 'E', 'F', 'E', 'D', 'E', 'D', 'C', 'D', 'E', 'F', 'G']","['D', 'E', 'F', 'G']","['D', 'C', 'B', 'A']","['D', 'E', 'F', 'G']","['D', 'E', 'D', 'E', 'F', 'E', 'F', 'E', 'D', 'E', 'F', 'E', 'D', 'C', 'D', 'E', 'F', 'E', 'F', 'E', 'F', 'E', 'D', 'E', 'D', 'E', 'D', 'E', 'F', 'E', 'F', 'E', 'D', 'E', 'D', 'E', 'F', 'E', 'D', 'C', 'D', 'E', 'F', 'E', 'F', 'G']","['D', 'E', 'D', 'C', 'D', 'C', 'B', 'C', 'D', 'C', 'D', 'C', 'B', 'C', 'D', 'E', 'F', 'E', 'F', 'G']"
47,"['D', 'C', 'B', 'A']","['D', 'E', 'D', 'C', 'B', 'C', 'B', 'A']","['D', 'E', 'D', 'C', 'B', 'C', 'B', 'C', 'D', 'E', 'D', 'E', 'D', 'E', 'D', 'C', 'D', 'C', 'D', 'E', 'F', 'G']","['D', 'E', 'F', 'E', 'F', 'E', 'F', 'E', 'F', 'G']","['D', 'E', 'F', 'G']","['D', 'E', 'D', 'C', 'B', 'C', 'B', 'A']","['D', 'C', 'B', 'C', 'D', 'E', 'F', 'E', 'D', 'C', 'D', 'C', 'D', 'C', 'D', 'C', 'D', 'E', 'D', 'C', 'D', 'C', 'D', 'C', 'D', 'C', 'D', 'E', 'D', 'C', 'D', 'E', 'F', 'G']","['D', 'C', 'B', 'C', 'B', 'A']","['D', 'E', 'D', 'E', 'D', 'E', 'D', 'C', 'D', 'E', 'D', 'E', 'F', 'E', 'F', 'G']","['D', 'C', 'B', 'A']"
48,"['D', 'C', 'D', 'E', 'F', 'G']","['D', 'C', 'B', 'A']","['D', 'C', 'D', 'E', 'D', 'C', 'D', 'E', 'D', 'C', 'D', 'E', 'D', 'C', 'D', 'E', 'F', 'E', 'F', 'G']","['D', 'E', 'D', 'C', 'B', 'C', 'D', 'C', 'D', 'E', 'F', 'G']","['D', 'C', 'D', 'E', 'F', 'G']","['D', 'C', 'B', 'C', 'B', 'C', 'B', 'A']","['D', 'E', 'D', 'C', 'D', 'C', 'D', 'E', 'F', 'G']","['D', 'E', 'F', 'E', 'D', 'E', 'F', 'E', 'F', 'G']","['D', 'E', 'D', 'C', 'D', 'C', 'B', 'A']","['D', 'C', 'B', 'A']"
49,"['D', 'C', 'D', 'C', 'D', 'E', 'F', 'G']","['D', 'C', 'B', 'A']","['D', 'C', 'D', 'C', 'B', 'A']","['D', 'C', 'D', 'E', 'F', 'E', 'F', 'E', 'F', 'E', 'F', 'G']","['D', 'C', 'B', 'A']","['D', 'C', 'D', 'C', 'B', 'A']","['D', 'C', 'D', 'E', 'F', 'E', 'F', 'E', 'F', 'E', 'F', 'G']","['D', 'C', 'B', 'C', 'B', 'C', 'D', 'E', 'D', 'C', 'D', 'E', 'F', 'G']","['D', 'E', 'F', 'G']","['D', 'E', 'D', 'E', 'F', 'E', 'F', 'E', 'F', 'G']"
50,"['D', 'E', 'F', 'E', 'D', 'E', 'D', 'C', 'B', 'A']","['D', 'C', 'D', 'C', 'B', 'A']","['D', 'E', 'F', 'E', 'F', 'G']","['D', 'C', 'B', 'A']","['D', 'C', 'B', 'C', 'D', 'C', 'D', 'E', 'F', 'G']","['D', 'C', 'D', 'C', 'D', 'C', 'D', 'E', 'F', 'G']","['D', 'C', 'B', 'C', 'D', 'C', 'D', 'C', 'D', 'C', 'D', 'C', 'B', 'C', 'B', 'A']","['D', 'C', 'B', 'C', 'B', 'A']","['D', 'E', 'F', 'E', 'D', 'E', 'F', 'G']","['D', 'C', 'B', 'A']"
51,"['D', 'C', 'D', 'C', 'D', 'C', 'B', 'A']","['D', 'C', 'D', 'C', 'D', 'E', 'F', 'G']","['D', 'E', 'F', 'G']","['D', 'C', 'D', 'C', 'B', 'C', 'B', 'C', 'B', 'A']","['D', 'E', 'D', 'C', 'D', 'E', 'D', 'E', 'D', 'C', 'B', 'C', 'B', 'C', 'D', 'E', 'D', 'C', 'D', 'C', 'D', 'C', 'D', 'E', 'D', 'E', 'F', 'G']","['D', 'E', 'F', 'E', 'F', 'E', 'F', 'G']","['D', 'C', 'D', 'E', 'F', 'G']","['D', 'E', 'F', 'G']","['D', 'C', 'B', 'A']","['D', 'C', 'D', 'E', 'D', 'C', 'D', 'E', 'D', 'C', 'B', 'C', 'B', 'C', 'B', 'A']"
52,"['D', 'E', 'F', 'G']","['D', 'E', 'F', 'E', 'F', 'G']","['D', 'C', 'D', 'C', 'B', 'C', 'B', 'C', 'D', 'C', 'D', 'E', 'D', 'E', 'F', 'E', 'D', 'C', 'B', 'A']","['D', 'E', 'D', 'C', 'B', 'C', 'B', 'A']","['D', 'E', 'D', 'C', 'B', 'C', 'D', 'E', 'D', 'E', 'D', 'E', 'F', 'G']","['D', 'C', 'D', 'C', 'B', 'A']","['D', 'C', 'D', 'C', 'D', 'E', 'D', 'E', 'D', 'C', 'B', 'A']","['D', 'E', 'D', 'E', 'F', 'E', 'F', 'G']","['D', 'C', 'D', 'C', 'D', 'C', 'D', 'C', 'B', 'C', 'D', 'E', 'D', 'E', 'F', 'G']","['D', 'C', 'D', 'C', 'D', 'E', 'F', 'G']"
53,"['D', 'C', 'B', 'A']","['D', 'C', 'B', 'A']","['D', 'E', 'D', 'C', 'D', 'E', 'D', 'E', 'F', 'E', 'F', 'E', 'F', 'E', 'F', 'E', 'F', 'E', 'D', 'E', 'D', 'E', 'F', 'G']","['D', 'C', 'B', 'C', 'D', 'C', 'B', 'A']","['D', 'C', 'D', 'E', 'F', 'G']","['D', 'E', 'F', 'G']","['D', 'C', 'D', 'E', 'D', 'E', 'F', 'E', 'F', 'G']","['D', 'C', 'D', 'E', 'D', 'E', 'D', 'C', 'D', 'C', 'B', 'C', 'D', 'E', 'D', 'E', 'D', 'E', 'D', 'E', 'F', 'E', 'F', 'G']","['D', 'E', 'D', 'E', 'F', 'E', 'F', 'G']","['D', 'E', 'F', 'G']"
54,"['D', 'C', 'B', 'C', 'D', 'C', 'B', 'C', 'D', 'C', 'B', 'A']","['D', 'E', 'F', 'E', 'D', 'E', 'F', 'E', 'F', 'E', 'F', 'E', 'D', 'C', 'B', 'A']","['D', 'E', 'F', 'E', 'D', 'C', 'D', 'C', 'B', 'A']","['D', 'C', 'B', 'C', 'D', 'C', 'B', 'C', 'B', 'A']","['D', 'E', 'F', 'E', 'D', 'C', 'B', 'C', 'B', 'C', 'D', 'C', 'D', 'E', 'D', 'C', 'D', 'E', 'D', 'E', 'D', 'E', 'D', 'C', 'D', 'C', 'D', 'E', 'F', 'E', 'D', 'C', 'B', 'A']","['D', 'C', 'B', 'A']","['D', 'E', 'D', 'E', 'D', 'E', 'F', 'G']","['D', 'C', 'D', 'E', 'D', 'E', 'D', 'C', 'B', 'C', 'B', 'A']","['D', 'C', 'B', 'A']","['D', 'E', 'F', 'G']"
55,"['D', 'E', 'D', 'C', 'B', 'C', 'D', 'C', 'B', 'C', 'D', 'C', 'B', 'C', 'B', 'C', 'B', 'A']","['D', 'C', 'B', 'A']","['D', 'E', 'D', 'C', 'D', 'E', 'F', 'G']","['D', 'E', 'D', 'C', 'B', 'A']","['D', 'E', 'F', 'G']","['D', 'E', 'D', 'C', 'B', 'C', 'B', 'A']","['D', 'E', 'D', 'C', 'B', 'A']","['D', 'E', 'D', 'E', 'F', 'G']","['D', 'C', 'B', 'C', 'D', 'E', 'D', 'C', 'B', 'A']","['D', 'C', 'B', 'A']"
56,"['D', 'E', 'F', 'G']","['D', 'C', 'B', 'C', 'D', 'C', 'B', 'A']","['D', 'C', 'B', 'A']","['D', 'C', 'D', 'E', 'D', 'E', 'F', 'E', 'D', 'C', 'D', 'E', 'F', 'G']","['D', 'E', 'D', 'E', 'F', 'G']","['D', 'C', 'B', 'C', 'D', 'C', 'B', 'A']","['D', 'C', 'B', 'C', 'B', 'A']","['D', 'C', 'B', 'C', 'B', 'A']","['D', 'C', 'D', 'C', 'B', 'A']","['D', 'E', 'F', 'G']"
57,"['D', 'E', 'D', 'E', 'D', 'E', 'D', 'E', 'F', 'E', 'F', 'E', 'D', 'E', 'F', 'G']","['D', 'E', 'D', 'E', 'D', 'C', 'D', 'C', 'D', 'E', 'D', 'C', 'D', 'E', 'D', 'E', 'D', 'C', 'B', 'C', 'B', 'A']","['D', 'E', 'D', 'E', 'D', 'C', 'D', 'E', 'D', 'C', 'D', 'C', 'B', 'C', 'D', 'E', 'D', 'E', 'D', 'C', 'B', 'C', 'B', 'A']","['D', 'E', 'F', 'E', 'D', 'C', 'D', 'C', 'B', 'A']","['D', 'E', 'D', 'C', 'D', 'C', 'D', 'E', 'D', 'E', 'D', 'E', 'F', 'E', 'F', 'E', 'D', 'E', 'D', 'C', 'B', 'A']","['D', 'E', 'F', 'G']","['D', 'C', 'B', 'A']","['D', 'C', 'B', 'A']","['D', 'C', 'B', 'C', 'D', 'E', 'D', 'E', 'D', 'E', 'F', 'E', 'D', 'E', 'F', 'E', 'F', 'E', 'F', 'E', 'F', 'E', 'F', 'G']","['D', 'E', 'D', 'C', 'B', 'A']"
58,"['D', 'E', 'F', 'E', 'F', 'G']","['D', 'C', 'B', 'C', 'D', 'E', 'F', 'G']","['D', 'E', 'F', 'G']","['D', 'E', 'D', 'C', 'B', 'A']","['D', 'E', 'D', 'E', 'D', 'E', 'D', 'C', 'D', 'C', 'D', 'C', 'D', 'E', 'F', 'G']","['D', 'C', 'B', 'A']","['D', 'E', 'D', 'C', 'D', 'C', 'D', 'C', 'B', 'C', 'D', 'E', 'F', 'E', 'D', 'E', 'F', 'G']","['D', 'E', 'D', 'C', 'B', 'A']","['D', 'C', 'B', 'C', 'B', 'A']","['D', 'E', 'D', 'E', 'F', 'E', 'D', 'C', 'B', 'C', 'B', 'A']"
59,"['D', 'E', 'D', 'E', 'F', 'G']","['D', 'E', 'F', 'E', 'F', 'E', 'F', 'G']","['D', 'C', 'D', 'C', 'B', 'A']","['D', 'C', 'B', 'C', 'D', 'C', 'D', 'C', 'B', 'C', 'D', 'C', 'D', 'C', 'D', 'E', 'D', 'E', 'F', 'G']","['D', 'E', 'D', 'E', 'D', 'C', 'B', 'A']","['D', 'C', 'B', 'A']","['D', 'C', 'B', 'A']","['D', 'C', 'B', 'A']","['D', 'E', 'D', 'E', 'F', 'E', 'D', 'E', 'D', 'E', 'F', 'E', 'F', 'E', 'D', 'C', 'B', 'A']","['D', 'E', 'F', 'E', 'F', 'E', 'F', 'G']"
60,"['D', 'C', 'D', 'E', 'F', 'E', 'F', 'E', 'D', 'C', 'D', 'C', 'D', 'C', 'B', 'C', 'D', 'E', 'F', 'E', 'D', 'E', 'F', 'G']","['D', 'E', 'F', 'G']","['D', 'C', 'B', 'A']","['D', 'C', 'D', 'E', 'D', 'E', 'D', 'E', 'D', 'C', 'D', 'E', 'F', 'G']","['D', 'E', 'D', 'C', 'D', 'E', 'D', 'E', 'D', 'C', 'D', 'C', 'B', 'A']","['D', 'E', 'D', 'E', 'D', 'E', 'D', 'E', 'D', 'C', 'D', 'C', 'D', 'C', 'B', 'C', 'D', 'E', 'F', 'G']","['D', 'C', 'D', 'C', 'B', 'C', 'B', 'A']","['D', 'C', 'D', 'C', 'B', 'A']","['D', 'C', 'B', 'C', 'D', 'E', 'F', 'E', 'F', 'E', 'F', 'G']","['D', 'C', 'B', 'C', 'D', 'E', 'F', 'G']"
61,"['D', 'C', 'B', 'C', 'B', 'A']","['D', 'C', 'D', 'C', 'B', 'A']","['D', 'C', 'B', 'A']","['D', 'C', 'D', 'E', 'F', 'G']","['D', 'C', 'B', 'A']","['D', 'C', 'B', 'C', 'D', 'E', 'F', 'E', 'F', 'E', 'F', 'G']","['D', 'C', 'B', 'C', 'D', 'E', 'F', 'G']","['D', 'C', 'D', 'C', 'D', 'E', 'F', 'E', 'F', 'E', 'D', 'E', 'D', 'C', 'B', 'A']","['D', 'C', 'B', 'A']","['D', 'C', 'B', 'C', 'D', 'C', 'B', 'C', 'D', 'C', 'D', 'C', 'D', 'E', 'D', 'C', 'B', 'A']"
62,"['D', 'E', 'F', 'E', 'D', 'C', 'B', 'C', 'B', 'C', 'B', 'C', 'D', 'C', 'D', 'E', 'F', 'G']","['D', 'E', 'D', 'E', 'F', 'E', 'D', 'C', 'B', 'A']","['D', 'E', 'D', 'E', 'F', 'G']","['D', 'C', 'B', 'C', 'D', 'C', 'B', 'A']","['D', 'E', 'D', 'E', 'D', 'E', 'F', 'E', 'D', 'C', 'D', 'C', 'D', 'C', 'D', 'E', 'D', 'E', 'F', 'E', 'D', 'E', 'D', 'E', 'F', 'G']","['D', 'E', 'F', 'E', 'F', 'E', 'F', 'G']","['D', 'E', 'F', 'G']","['D', 'E', 'F', 'E', 'D', 'E', 'F', 'E', 'D', 'C', 'D', 'E', 'F', 'E', 'F', 'E', 'F', 'G']","['D', 'E', 'D', 'E', 'F', 'G']","['D', 'C', 'D', 'E', 'D', 'E', 'F', 'E', 'F', 'E', 'F', 'G']"
63,"['D', 'E', 'D', 'E', 'D', 'C', 'B', 'C', 'B', 'A']","['D', 'E', 'D', 'E', 'F', 'G']","['D', 'C', 'B', 'A']","['D', 'C', 'D', 'C', 'D', 'E', 'D', 'C', 'D', 'E', 'D', 'C', 'D', 'C', 'B', 'A']","['D', 'C', 'D', 'C', 'B', 'A']","['D', 'E', 'D', 'E', 'F', 'E', 'F', 'G']","['D', 'C', 'B', 'A']","['D', 'E', 'D', 'C', 'B', 'A']","['D', 'E', 'D', 'C', 'D', 'E', 'D', 'E', 'F', 'G']","['D', 'C', 'B', 'C', 'D', 'E', 'D', 'E', 'D', 'E', 'F', 'G']"
64,"['D', 'E', 'F', 'E', 'F', 'G']","['D', 'E', 'F', 'E', 'D', 'E', 'D', 'E', 'F', 'E', 'D', 'C', 'B', 'C', 'B', 'A']","['D', 'E', 'F', 'G']","['D', 'E', 'D', 'E', 'D', 'C', 'D', 'C', 'B', 'A']","['D', 'C', 'B', 'C', 'D', 'C', 'D', 'E', 'D', 'E', 'F', 'E', 'F', 'E', 'F', 'E', 'F', 'G']","['D', 'C', 'B', 'C', 'B', 'C', 'B', 'A']","['D', 'C', 'B', 'A']","['D', 'E', 'D', 'C', 'D', 'E', 'D', 'C', 'B', 'A']","['D', 'C', 'D', 'C', 'B', 'C', 'B', 'C', 'B', 'C', 'D', 'C', 'B', 'C', 'D', 'C', 'B', 'A']","['D', 'E', 'D', 'E', 'F', 'E', 'D', 'E', 'F', 'G']"
65,"['D', 'E', 'D', 'E', 'F', 'G']","['D', 'C', 'B', 'C', 'B', 'C', 'B', 'C', 'B', 'A']","['D', 'C', 'B', 'A']","['D', 'E', 'F', 'E', 'D', 'C', 'D', 'E', 'D', 'C', 'B', 'A']","['D', 'E', 'F', 'G']","['D', 'E', 'F', 'E', 'D', 'E', 'D', 'E', 'F', 'E', 'D', 'C', 'B', 'C', 'B', 'A']","['D', 'C', 'B', 'C', 'D', 'E', 'F', 'G']","['D', 'C', 'D', 'C', 'D', 'C', 'D', 'E', 'D', 'E', 'D', 'C', 'D', 'E', 'F', 'G']","['D', 'E', 'D', 'E', 'D', 'C', 'B', 'A']","['D', 'C', 'D', 'C', 'D', 'C', 'D', 'C', 'D', 'E', 'D', 'C', 'D', 'E', 'D', 'E', 'D', 'E', 'F', 'E', 'D', 'C', 'D', 'C', 'B', 'C', 'D', 'E', 'F', 'G']"
66,"['D', 'E', 'D', 'C', 'B', 'A']","['D', 'E', 'D', 'E', 'D', 'C', 'D', 'E', 'D', 'C', 'D', 'C', 'D', 'E', 'F', 'G']","['D', 'C', 'D', 'E', 'D', 'C', 'D', 'E', 'D', 'E', 'F', 'G']","['D', 'C', 'D', 'E', 'D', 'C', 'D', 'C', 'D', 'E', 'D', 'E', 'F', 'G']","['D', 'E', 'D', 'E', 'F', 'E', 'D', 'E', 'F', 'E', 'F', 'G']","['D', 'C', 'D', 'C', 'D', 'E', 'F', 'G']","['D', 'C', 'B', 'C', 'B', 'A']","['D', 'E', 'D', 'E', 'F', 'E', 'D', 'C', 'D', 'E', 'D', 'C', 'B', 'C', 'D', 'C', 'B', 'C', 'D', 'E', 'F', 'G']","['D', 'C', 'D', 'C', 'B', 'A']","['D', 'C', 'D', 'E', 'F', 'G']"
67,"['D', 'C', 'D', 'E', 'D', 'C', 'D', 'E', 'F', 'G']","['D', 'E', 'D', 'E', 'D', 'E', 'F', 'E', 'D', 'C', 'D', 'E', 'F', 'G']","['D', 'C', 'D', 'C', 'B', 'C', 'D', 'E', 'D', 'C', 'D', 'E', 'F', 'G']","['D', 'E', 'D', 'E', 'F', 'G']","['D', 'C', 'B', 'A']","['D', 'E', 'F', 'G']","['D', 'E', 'F', 'G']","['D', 'E', 'F', 'G']","['D', 'E', 'F', 'E', 'F', 'G']","['D', 'C', 'B', 'C', 'B', 'C', 'B', 'A']"
68,"['D', 'E', 'D', 'C', 'B', 'C', 'B', 'A']","['D', 'C', 'D', 'C', 'D', 'C', 'B', 'C', 'D', 'E', 'D', 'E', 'F', 'G']","['D', 'C', 'B', 'C', 'B', 'A']","['D', 'E', 'F', 'G']","['D', 'E', 'D', 'C', 'B', 'A']","['D', 'E', 'F', 'G']","['D', 'E', 'D', 'C', 'B', 'C', 'B', 'A']","['D', 'C', 'D', 'E', 'F', 'E', 'D', 'C', 'D', 'E', 'F', 'G']","['D', 'C', 'D', 'E', 'D', 'C', 'D', 'E', 'D', 'C', 'D', 'C', 'B', 'C', 'D', 'C', 'D', 'E', 'D', 'E', 'F', 'E', 'F', 'E', 'D', 'C', 'B', 'C', 'B', 'A']","['D', 'E', 'D', 'C', 'D', 'E', 'D', 'E', 'D', 'E', 'F', 'G']"
69,"['D', 'E', 'D', 'C', 'B', 'C', 'D', 'C', 'D', 'C', 'D', 'C', 'D', 'C', 'D', 'E', 'D', 'E', 'F', 'G']","['D', 'C', 'D', 'C', 'B', 'C', 'D', 'C', 'D', 'E', 'F', 'G']","['D', 'E', 'D', 'E', 'F', 'E', 'D', 'C', 'B', 'C', 'D', 'C', 'D', 'E', 'F', 'E', 'D', 'C', 'B', 'A']","['D', 'C', 'B', 'A']","['D', 'E', 'D', 'C', 'D', 'C', 'D', 'E', 'D', 'E', 'D', 'C', 'D', 'E', 'F', 'G']","['D', 'C', 'D', 'C', 'B', 'A']","['D', 'C', 'D', 'E', 'F', 'G']","['D', 'C', 'B', 'C', 'D', 'E', 'D', 'C', 'B', 'A']","['D', 'E', 'D', 'C', 'B', 'A']","['D', 'C', 'D', 'E', 'F', 'G']"
70,"['D', 'C', 'D', 'C', 'B', 'A']","['D', 'C', 'D', 'E', 'F', 'G']","['D', 'C', 'B', 'A']","['D', 'C', 'B', 'A']","['D', 'E', 'F', 'G']","['D', 'C', 'B', 'C', 'D', 'E', 'F', 'G']","['D', 'C', 'D', 'C', 'B', 'C', 'B', 'A']","['D', 'C', 'D', 'C', 'D', 'E', 'D', 'C', 'B', 'A']","['D', 'C', 'D', 'C', 'B', 'A']","['D', 'C', 'B', 'A']"
71,"['D', 'E', 'D', 'C', 'D', 'E', 'D', 'E', 'D', 'E', 'F', 'G']","['D', 'C', 'B', 'C', 'D', 'C', 'D', 'E', 'D', 'E', 'F', 'G']","['D', 'C', 'B', 'A']","['D', 'C', 'D', 'C', 'B', 'A']","['D', 'E', 'F', 'G']","['D', 'C', 'D', 'C', 'B', 'A']","['D', 'C', 'D', 'E', 'F', 'G']","['D', 'C', 'D', 'E', 'F', 'E', 'F', 'E', 'F', 'E', 'F', 'G']","['D', 'C', 'D', 'E', 'D', 'E', 'D', 'E', 'D', 'E', 'D', 'C', 'D', 'E', 'F', 'E', 'D', 'E', 'F', 'E', 'D', 'E', 'D', 'C', 'B', 'C', 'D', 'C', 'B', 'C', 'D', 'C', 'D', 'E', 'D', 'C', 'D', 'C', 'D', 'C', 'B', 'A']","['D', 'C', 'B', 'C', 'B', 'A']"
72,"['D', 'C', 'B', 'A']","['D', 'E', 'D', 'C', 'B', 'C', 'D', 'C', 'B', 'A']","['D', 'E', 'F', 'E', 'D', 'C', 'D', 'C', 'B', 'A']","['D', 'E', 'F', 'E', 'F', 'G']","['D', 'C', 'D', 'C', 'D', 'E', 'D', 'C', 'D', 'C', 'B', 'A']","['D', 'C', 'D', 'C', 'D', 'E', 'F', 'G']","['D', 'E', 'D', 'E', 'F', 'G']","['D', 'E', 'D', 'E', 'F', 'G']","['D', 'C', 'D', 'E', 'F', 'G']","['D', 'C', 'D', 'C', 'B', 'C', 'D', 'C', 'D', 'C', 'D', 'E', 'F', 'E', 'D', 'E', 'F', 'G']"
73,"['D', 'C', 'D', 'E', 'D', 'C', 'B', 'C', 'D', 'C', 'D', 'E', 'D', 'C', 'D', 'C', 'B', 'C', 'D', 'E', 'D', 'C', 'D', 'C', 'D', 'E', 'F', 'E', 'F', 'E', 'D', 'E', 'F', 'G']","['D', 'C', 'B', 'A']","['D', 'E', 'D', 'C', 'B', 'A']","['D', 'E', 'F', 'E', 'D', 'C', 'B', 'A']","['D', 'C', 'D', 'E', 'D', 'E', 'F', 'E', 'D', 'C', 'D', 'C', 'D', 'E', 'D', 'C', 'D', 'E', 'D', 'C', 'B', 'C', 'D', 'E', 'D', 'E', 'D', 'E', 'F', 'G']","['D', 'E', 'F', 'G']","['D', 'C', 'B', 'A']","['D', 'C', 'B', 'A']","['D', 'C', 'B', 'C', 'D', 'C', 'B', 'C', 'D', 'E', 'D', 'C', 'D', 'E', 'F', 'G']","['D', 'C', 'D', 'E', 'D', 'C', 'B', 'A']"
74,"['D', 'C', 'B', 'A']","['D', 'C', 'B', 'C', 'D', 'C', 'B', 'A']","['D', 'E', 'F', 'G']","['D', 'E', 'D', 'C', 'B', 'A']","['D', 'E', 'D', 'C', 'D', 'E', 'D', 'C', 'B', 'A']","['D', 'C', 'B', 'C', 'D', 'E', 'D', 'C', 'D', 'C', 'B', 'C', 'D', 'C', 'D', 'E', 'D', 'C', 'B', 'A']","['D', 'E', 'D', 'E', 'D', 'E', 'F', 'E', 'D', 'E', 'F', 'G']","['D', 'C', 'B', 'C', 'B', 'A']","['D', 'E', 'F', 'G']","['D', 'C', 'D', 'E', 'D', 'E', 'F', 'E', 'D', 'E', 'D', 'E', 'F', 'G']"
75,"['D', 'C', 'B', 'C', 'B', 'A']","['D', 'E', 'D', 'E', 'F', 'E', 'F', 'G']","['D', 'E', 'D', 'E', 'F', 'E', 'D', 'E', 'D', 'C', 'B', 'A']","['D', 'E', 'F', 'G']","['D', 'C', 'B', 'C', 'D', 'E', 'F', 'G']","['D', 'C', 'B', 'A']","['D', 'E', 'F', 'G']","['D', 'C', 'D', 'E', 'D', 'C', 'D', 'C', 'D', 'C', 'D', 'E', 'F', 'E', 'D', 'E', 'D', 'E', 'F', 'G']","['D', 'E', 'F', 'E', 'D', 'C', 'D', 'C', 'D', 'C', 'B', 'A']","['D', 'E', 'D', 'C', 'B', 'C', 'D', 'C', 'D', 'E', 'D', 'C', 'B', 'A']"
76,"['D', 'C', 'D', 'C', 'D', 'E', 'F', 'G']","['D', 'E', 'F', 'G']","['D', 'E', 'D', 'C', 'B', 'C', 'D', 'E', 'F', 'G']","['D', 'E', 'F', 'G']","['D', 'C', 'B', 'C', 'B', 'A']","['D', 'C', 'D', 'E', 'F', 'G']","['D', 'E', 'D', 'C', 'B', 'C', 'B', 'C', 'D', 'C', 'D', 'C', 'B', 'A']","['D', 'C', 'B', 'A']","['D', 'E', 'F', 'E', 'D', 'C', 'B', 'C', 'D', 'C', 'B', 'C', 'D', 'E', 'D', 'C', 'B', 'A']","['D', 'E', 'F', 'E', 'F', 'E', 'F', 'E', 'D', 'C', 'D', 'E', 'D', 'E', 'D', 'E', 'D', 'C', 'B', 'A']"
77,"['D', 'E', 'F', 'G']","['D', 'E', 'D', 'E', 'F', 'G']","['D', 'E', 'F', 'G']","['D', 'E', 'F', 'E', 'F', 'E', 'D', 'C', 'B', 'C', 'B', 'C', 'B', 'A']","['D', 'C', 'D', 'C', 'B', 'A']","['D', 'E', 'D', 'E', 'F', 'G']","['D', 'C', 'B', 'C', 'B', 'C', 'D', 'C', 'D', 'E', 'F', 'E', 'D', 'E', 'D', 'E', 'D', 'C', 'B', 'C', 'B', 'C', 'D', 'C', 'B', 'C', 'D', 'E', 'D', 'C', 'D', 'E', 'D', 'C', 'D', 'C', 'B', 'A']","['D', 'E', 'F', 'E', 'D', 'C', 'D', 'C', 'B', 'C', 'D', 'C', 'D', 'C', 'B', 'A']","['D', 'C', 'B', 'A']","['D', 'E', 'D', 'C', 'D', 'C', 'D', 'E', 'F', 'G']"
78,"['D', 'E', 'D', 'E', 'D', 'E', 'F', 'E', 'F', 'G']","['D', 'C', 'D', 'C', 'B', 'C', 'D', 'E', 'D', 'C', 'B', 'A']","['D', 'C', 'D', 'E', 'F', 'G']","['D', 'C', 'B', 'A']","['D', 'E', 'D', 'E', 'D', 'C', 'D', 'C', 'D', 'E', 'D', 'E', 'F', 'G']","['D', 'C', 'B', 'C', 'D', 'E', 'D', 'E', 'F', 'G']","['D', 'E', 'D', 'C', 'B', 'A']","['D', 'E', 'D', 'C', 'B', 'A']","['D', 'E', 'F', 'E', 'F', 'G']","['D', 'E', 'F', 'E', 'D', 'C', 'B', 'C', 'B', 'C', 'B', 'A']"
79,"['D', 'E', 'D', 'E', 'D', 'E', 'F', 'G']","['D', 'C', 'D', 'E', 'F', 'E', 'F', 'E', 'F', 'G']","['D', 'C', 'B', 'A']","['D', 'E', 'D', 'C', 'B', 'A']","['D', 'C', 'D', 'C', 'B', 'A']","['D', 'C', 'B', 'A']","['D', 'E', 'D', 'E', 'F', 'E', 'F', 'G']","['D', 'C', 'D', 'E', 'D', 'C', 'B', 'A']","['D', 'E', 'F', 'G']","['D', 'E', 'D', 'E', 'F', 'G']"
80,"['D', 'C', 'D', 'C', 'D', 'C', 'B', 'C', 'D', 'E', 'F', 'G']","['D', 'E', 'F', 'E', 'D', 'E', 'D', 'C', 'D', 'C', 'B', 'C', 'B', 'C', 'D', 'E', 'D', 'C', 'D', 'C', 'B', 'C', 'D', 'C', 'D', 'E', 'D', 'C', 'B', 'C', 'D', 'C', 'B', 'C', 'D', 'E', 'D', 'C', 'B', 'C', 'B', 'C', 'D', 'C', 'D', 'C', 'B', 'A']","['D', 'C', 'B', 'C', 'B', 'A']","['D', 'E', 'F', 'G']","['D', 'E', 'F', 'G']","['D', 'C', 'D', 'C', 'D', 'E', 'D', 'E', 'F', 'G']","['D', 'E', 'D', 'E', 'F', 'G']","['D', 'E', 'D', 'E', 'D', 'C', 'B', 'A']","['D', 'C', 'B', 'A']","['D', 'E', 'F', 'G']"
81,"['D', 'C', 'D', 'E', 'D', 'C', 'D', 'C', 'B', 'C', 'D', 'C', 'B', 'A']","['D', 'C', 'D', 'C', 'B', 'C', 'B', 'A']","['D', 'E', 'D', 'C', 'D', 'E', 'F', 'G']","['D', 'E', 'F', 'G']","['D', 'C', 'D', 'E', 'F', 'G']","['D', 'E', 'D', 'C', 'B', 'C', 'D', 'C', 'D', 'C', 'B', 'C', 'B', 'A']","['D', 'E', 'F', 'G']","['D', 'C', 'B', 'C', 'B', 'A']","['D', 'C', 'B', 'C', 'B', 'A']","['D', 'C', 'D', 'C', 'B', 'A']"
82,"['D', 'E', 'F', 'G']","['D', 'C', 'D', 'C', 'B', 'A']","['D', 'E', 'D', 'E', 'F', 'G']","['D', 'C', 'B', 'A']","['D', 'C', 'D', 'E', 'F', 'G']","['D', 'C', 'B', 'C', 'B', 'C', 'D', 'E', 'F', 'E', 'D', 'E', 'D', 'C', 'D', 'E', 'D', 'C', 'D', 'E', 'D', 'C', 'B', 'A']","['D', 'E', 'D', 'E', 'D', 'E', 'D', 'E', 'F', 'E', 'F', 'G']","['D', 'C', 'B', 'A']","['D', 'E', 'D', 'C', 'B', 'A']","['D', 'E', 'D', 'E', 'F', 'E', 'D', 'E', 'D', 'E', 'F', 'G']"
83,"['D', 'E', 'D', 'C', 'B', 'C', 'D', 'E', 'D', 'E', 'D', 'E', 'D', 'E', 'D', 'E', 'D', 'E', 'D', 'E', 'D', 'E', 'F', 'G']","['D', 'C', 'D', 'C', 'D', 'C', 'D', 'C', 'D', 'C', 'D', 'E', 'D', 'E', 'D', 'E', 'F', 'G']","['D', 'C', 'D', 'E', 'F', 'E', 'D', 'E', 'F', 'G']","['D', 'C', 'B', 'A']","['D', 'E', 'D', 'C', 'D', 'C', 'B', 'A']","['D', 'C', 'D', 'C', 'B', 'A']","['D', 'C', 'B', 'C', 'B', 'A']","['D', 'E', 'D', 'C', 'D', 'C', 'B', 'A']","['D', 'E', 'F', 'G']","['D', 'C', 'B', 'C', 'D', 'C', 'D', 'C', 'B', 'C', 'D', 'C', 'D', 'E', 'F', 'E', 'D', 'E', 'F', 'E', 'D', 'C', 'B', 'C', 'B', 'A']"
84,"['D', 'E', 'F', 'E', 'F', 'E', 'D', 'C', 'D', 'E', 'F', 'E', 'D', 'E', 'F', 'G']","['D', 'C', 'B', 'C', 'B', 'A']","['D', 'E', 'D', 'E', 'F', 'E', 'F', 'G']","['D', 'C', 'B', 'A']","['D', 'E', 'F', 'E', 'F', 'G']","['D', 'C', 'D', 'E', 'F', 'G']","['D', 'E', 'D', 'E', 'D', 'E', 'D', 'C', 'B', 'C', 'B', 'A']","['D', 'E', 'D', 'E', 'F', 'E', 'D', 'C', 'B', 'A']","['D', 'E', 'F', 'G']","['D', 'C', 'D', 'C', 'B', 'C', 'D', 'E', 'D', 'C', 'B', 'A']"
85,"['D', 'E', 'D', 'C', 'D', 'C', 'D', 'E', 'D', 'C', 'D', 'E', 'D', 'C', 'B', 'C', 'B', 'C', 'D', 'C', 'B', 'C', 'D', 'E', 'D', 'C', 'D', 'C', 'B', 'A']","['D', 'E', 'F', 'E', 'D', 'C', 'B', 'C', 'B', 'A']","['D', 'E', 'F', 'G']","['D', 'E', 'F', 'E', 'F', 'G']","['D', 'E', 'F', 'G']","['D', 'C', 'B', 'A']","['D', 'E', 'D', 'C', 'B', 'A']","['D', 'C', 'B', 'C', 'B', 'A']","['D', 'C', 'B', 'A']","['D', 'C', 'D', 'C', 'D', 'C', 'D', 'C', 'D', 'E', 'F', 'G']"
86,"['D', 'C', 'B', 'A']","['D', 'E', 'D', 'E', 'D', 'C', 'D', 'C', 'B', 'C', 'B', 'A']","['D', 'E', 'D', 'C', 'D', 'C', 'D', 'E', 'F', 'G']","['D', 'E', 'D', 'C', 'B', 'A']","['D', 'E', 'F', 'G']","['D', 'C', 'D', 'E', 'F', 'G']","['D', 'C', 'D', 'C', 'D', 'C', 'D', 'C', 'B', 'A']","['D', 'C', 'D', 'C', 'D', 'C', 'D', 'C', 'B', 'C', 'D', 'E', 'D', 'C', 'B', 'C', 'D', 'E', 'D', 'E', 'D', 'E', 'F', 'E', 'D', 'C', 'B', 'C', 'B', 'A']","['D', 'E', 'F', 'E', 'D', 'E', 'D', 'C', 'B', 'C', 'B', 'A']","['D', 'E', 'F', 'E', 'F', 'E', 'F', 'G']"
87,"['D', 'C', 'B', 'C', 'B', 'C', 'D', 'E', 'F', 'E', 'F', 'E', 'F', 'G']","['D', 'E', 'F', 'E', 'D', 'E', 'F', 'E', 'D', 'E', 'D', 'C', 'D', 'E', 'F', 'E', 'D', 'E', 'F', 'E', 'D', 'E', 'F', 'G']","['D', 'C', 'D', 'E', 'D', 'E', 'F', 'E', 'D', 'E', 'D', 'C', 'B', 'A']","['D', 'E', 'D', 'C', 'B', 'A']","['D', 'C', 'B', 'C', 'B', 'A']","['D', 'E', 'F', 'E', 'F', 'G']","['D', 'E', 'F', 'G']","['D', 'C', 'D', 'E', 'F', 'G']","['D', 'C', 'D', 'C', 'D', 'C', 'B', 'A']","['D', 'C', 'D', 'C', 'D', 'E', 'D', 'E', 'D', 'E', 'D', 'E', 'F', 'G']"
88,"['D', 'C', 'D', 'E', 'F', 'E', 'D', 'E', 'F', 'E', 'F', 'E', 'D', 'C', 'B', 'A']","['D', 'C', 'D', 'E', 'D', 'C', 'B', 'A']","['D', 'C', 'B', 'C', 'D', 'E', 'F', 'G']","['D', 'C', 'D', 'C', 'D', 'C', 'B', 'C', 'D', 'E', 'D', 'E', 'F', 'E', 'D', 'E', 'F', 'G']","['D', 'E', 'D', 'E', 'F', 'G']","['D', 'E', 'F', 'E', 'D', 'E', 'D', 'E', 'D', 'E', 'D', 'C', 'B', 'C', 'B', 'A']","['D', 'E', 'D', 'E', 'D', 'C', 'D', 'E', 'F', 'E', 'D', 'E', 'F', 'E', 'D', 'C', 'B', 'A']","['D', 'E', 'F', 'G']","['D', 'C', 'B', 'C', 'B', 'C', 'B', 'A']","['D', 'E', 'F', 'E', 'D', 'E', 'F', 'G']"
89,"['D', 'C', 'D', 'C', 'D', 'E', 'D', 'C', 'D', 'C', 'D', 'E', 'D', 'E', 'F', 'E', 'D', 'C', 'D', 'C', 'D', 'C', 'D', 'E', 'F', 'E', 'D', 'E', 'F', 'G']","['D', 'C', 'B', 'A']","['D', 'E', 'D', 'E', 'D', 'C', 'D', 'E', 'F', 'G']","['D', 'E', 'F', 'E', 'F', 'G']","['D', 'C', 'B', 'A']","['D', 'E', 'D', 'C', 'D', 'C', 'D', 'C', 'D', 'C', 'D', 'C', 'D', 'C', 'B', 'C', 'D', 'C', 'D', 'C', 'D', 'E', 'D', 'E', 'F', 'G']","['D', 'C', 'B', 'A']","['D', 'E', 'F', 'G']","['D', 'E', 'F', 'E', 'D', 'C', 'B', 'C', 'B', 'C', 'D', 'E', 'D', 'E', 'F', 'E', 'F', 'E', 'F', 'G']","['D', 'C', 'D', 'C', 'D', 'E', 'D', 'E', 'F', 'G']"
90,"['D', 'E', 'D', 'C', 'B', 'A']","['D', 'C', 'D', 'E', 'D', 'E', 'F', 'G']","['D', 'C', 'D', 'E', 'D', 'C', 'D', 'C', 'D', 'C', 'D', 'C', 'D', 'E', 'F', 'G']","['D', 'C', 'D', 'C', 'B', 'C', 'D', 'C', 'D', 'E', 'F', 'E', 'D', 'E', 'D', 'E', 'F', 'E', 'F', 'G']","['D', 'C', 'D', 'E', 'F', 'G']","['D', 'C', 'D', 'E', 'F', 'E', 'F', 'E', 'D', 'C', 'B', 'C', 'D', 'C', 'B', 'C', 'B', 'A']","['D', 'E', 'D', 'C', 'B', 'C', 'B', 'C', 'D', 'E', 'F', 'E', 'D', 'E', 'F', 'G']","['D', 'C', 'D', 'C', 'B', 'A']","['D', 'C', 'D', 'E', 'F', 'E', 'F', 'G']","['D', 'E', 'D', 'C', 'B', 'A']"
91,"['D', 'C', 'D', 'E', 'D', 'C', 'B', 'A']","['D', 'C', 'B', 'C', 'B', 'A']","['D', 'C', 'B', 'C', 'D', 'E', 'D', 'C', 'B', 'C', 'D', 'C', 'B', 'C', 'B', 'C', 'D', 'C', 'B', 'A']","['D', 'C', 'B', 'C', 'D', 'C', 'D', 'E', 'F', 'G']","['D', 'C', 'D', 'C', 'D', 'E', 'D', 'C', 'D', 'E', 'F', 'E', 'D', 'C', 'D', 'C', 'D', 'E', 'F', 'E', 'D', 'E', 'F', 'G']","['D', 'C', 'B', 'A']","['D', 'E', 'D', 'E', 'F', 'G']","['D', 'C', 'B', 'C', 'D', 'C', 'D', 'C', 'D', 'E', 'D', 'E', 'D', 'C', 'B', 'A']","['D', 'E', 'F', 'G']","['D', 'C', 'B', 'A']"
92,"['D', 'E', 'D', 'C', 'B', 'C', 'B', 'A']","['D', 'C', 'B', 'A']","['D', 'C', 'B', 'A']","['D', 'C', 'D', 'E', 'F', 'G']","['D', 'C', 'D', 'E', 'F', 'E', 'F', 'G']","['D', 'E', 'D', 'E', 'F', 'E', 'D', 'C', 'D', 'E', 'D', 'C', 'D', 'C', 'B', 'C', 'D', 'E', 'F', 'E', 'D', 'E', 'F', 'E', 'F', 'G']","['D', 'E', 'F', 'G']","['D', 'C', 'B', 'C', 'B', 'A']","['D', 'E', 'F', 'G']","['D', 'C', 'B', 'A']"
93,"['D', 'E', 'F', 'E', 'F', 'G']","['D', 'E', 'F', 'G']","['D', 'E', 'D', 'E', 'F', 'G']","['D', 'C', 'D', 'C', 'B', 'A']","['D', 'E', 'D', 'E', 'D', 'E', 'D', 'C', 'D', 'E', 'D', 'C', 'D', 'C', 'D', 'E', 'F', 'E', 'F', 'G']","['D', 'E', 'D', 'E', 'D', 'E', 'F', 'E', 'F', 'E', 'F', 'G']","['D', 'C', 'B', 'A']","['D', 'E', 'F', 'E', 'F', 'G']","['D', 'E', 'D', 'C', 'D', 'E', 'D', 'E', 'D', 'E', 'D', 'E', 'F', 'G']","['D', 'C', 'B', 'C', 'D', 'C', 'B', 'A']"
94,"['D', 'E', 'D', 'C', 'D', 'C', 'B', 'A']","['D', 'E', 'F', 'G']","['D', 'C', 'B', 'A']","['D', 'E', 'F', 'G']","['D', 'C', 'B', 'A']","['D', 'E', 'D', 'C', 'D', 'E', 'F', 'E', 'D', 'E', 'F', 'G']","['D', 'E', 'D', 'E', 'D', 'E', 'D', 'C', 'B', 'C', 'D', 'C', 'D', 'C', 'B', 'A']","['D', 'E', 'F', 'G']","['D', 'C', 'B', 'C', 'D', 'E', 'F', 'E', 'F', 'G']","['D', 'E', 'D', 'C', 'B', 'C', 'B', 'A']"
95,"['D', 'E', 'D', 'C', 'D', 'E', 'D', 'C', 'D', 'E', 'D', 'E', 'F', 'G']","['D', 'C', 'D', 'E', 'D', 'E', 'D', 'C', 'B', 'A']","['D', 'E', 'F', 'G']","['D', 'E', 'F', 'G']","['D', 'C', 'B', 'C', 'B', 'A']","['D', 'C', 'B', 'C', 'B', 'A']","['D', 'C', 'D', 'E', 'D', 'E', 'F', 'E', 'F', 'E', 'D', 'C', 'D', 'C', 'B', 'C', 'D', 'E', 'F', 'G']","['D', 'C', 'D', 'C', 'B', 'A']","['D', 'E', 'F', 'G']","['D', 'E', 'D', 'E', 'D', 'C', 'D', 'C', 'B', 'C', 'B', 'A']"
96,"['D', 'C', 'B', 'A']","['D', 'E', 'D', 'E', 'F', 'G']","['D', 'E', 'F', 'G']","['D', 'E', 'D', 'E', 'D', 'E', 'F', 'E', 'F', 'E', 'F', 'E', 'F', 'E', 'F', 'G']","['D', 'C', 'B', 'C', 'B', 'C', 'B', 'C', 'D', 'C', 'D', 'C', 'B', 'A']","['D', 'E', 'F', 'E', 'D', 'E', 'F', 'G']","['D', 'E', 'D', 'E', 'F', 'E', 'F', 'E', 'F', 'E', 'D', 'C', 'B', 'A']","['D', 'E', 'F', 'E', 'D', 'E', 'F', 'E', 'D', 'E', 'F', 'E', 'D', 'E', 'F', 'E', 'D', 'E', 'D', 'E', 'D', 'C', 'B', 'A']","['D', 'E', 'D', 'E', 'D', 'C', 'D', 'C', 'B', 'A']","['D', 'E', 'F', 'G']"
97,"['D', 'C', 'B', 'A']","['D', 'E', 'F', 'E', 'D', 'C', 'B', 'C', 'B', 'C', 'B', 'C', 'B', 'C', 'D', 'C', 'B', 'C', 'B', 'A']","['D', 'E', 'F', 'E', 'D', 'C', 'B', 'A']","['D', 'C', 'D', 'C', 'D', 'C', 'D', 'E', 'F', 'G']","['D', 'C', 'B', 'A']","['D', 'C', 'D', 'E', 'F', 'E', 'F', 'E', 'D', 'C', 'D', 'C', 'D', 'E', 'D', 'C', 'D', 'E', 'F', 'E', 'D', 'C', 'B', 'C', 'B', 'A']","['D', 'E', 'D', 'E', 'F', 'E', 'F', 'G']","['D', 'E', 'D', 'C', 'D', 'C', 'D', 'C', 'B', 'A']","['D', 'E', 'F', 'E', 'D', 'C', 'D', 'C', 'D', 'E', 'F', 'E', 'F', 'E', 'F', 'E', 'F', 'E', 'D', 'C', 'D', 'E', 'F', 'E', 'F', 'E', 'D', 'E', 'D', 'C', 'B', 'A']","['D', 'E', 'F', 'E', 'F', 'G']"
98,"['D', 'E', 'D', 'C', 'B', 'A']","['D', 'E', 'D', 'C', 'B', 'A']","['D', 'C', 'D', 'C', 'B', 'A']","['D', 'E', 'D', 'E', 'F', 'E', 'F', 'E', 'F', 'E', 'D', 'C', 'D', 'C', 'B', 'C', 'B', 'A']","['D', 'E', 'F', 'G']","['D', 'C', 'B', 'A']","['D', 'E', 'D', 'E', 'F', 'E', 'F', 'E', 'F', 'E', 'F', 'G']","['D', 'E', 'F', 'E', 'D', 'C', 'D', 'C', 'B', 'C', 'D', 'E', 'F', 'E', 'F', 'E', 'D', 'C', 'D', 'E', 'F', 'E', 'D', 'E', 'F', 'E', 'F', 'G']","['D', 'E', 'F', 'G']","['D', 'C', 'D', 'C', 'B', 'A']"
99,"['D', 'C', 'B', 'C', 'B', 'A']","['D', 'C', 'B', 'A']","['D', 'C', 'D', 'C', 'B', 'A']","['D', 'C', 'D', 'C', 'D', 'E', 'F', 'E', 'F', 'G']","['D', 'E', 'D', 'C', 'B', 'A']","['D', 'C', 'D', 'C', 'D', 'C', 'D', 'E', 'D', 'E', 'F', 'G']","['D', 'E', 'D', 'C', 'B', 'A']","['D', 'C', 'D', 'C', 'B', 'A']","['D', 'C', 'D', 'E', 'D', 'C', 'D', 'C', 'B', 'A']","['D', 'E', 'D', 'C', 'B', 'C', 'B', 'C', 'D', 'C', 'D', 'C', 'D', 'C', 'D', 'E', 'F', 'E', 'F', 'E', 'D', 'E', 'F', 'E', 'F', 'E', 'D', 'C', 'B', 'C', 'B', 'A']"
